Policy,avg_delay,avg_total_cost,avg_migrations,avg_failed_allocations,avg_load_ratio
never_migrate,78.01730755454126,319.5666071321544,0.0,1.0,0.7253305681246858
nearest,34.613848869258796,261.25147877172964,1.05,3.14,0.6203989441930619
cost_aware,34.57381001061802,256.4752938238285,1.07,3.03,0.6238886123680242
llm_cost_aware_openrouter,45.73158746487095,214.67442168817374,0.82,2.88,0.6259598541980895
