Policy,avg_delay,avg_total_cost,avg_migrations,avg_failed_allocations,avg_load_ratio
never_migrate,78.01730755454126,589.1332142643088,0.0,1.0,0.7253305681246858
nearest,34.613848869258796,365.5029575434592,2.1,3.14,0.6203989441930619
cost_aware,34.57381001061802,361.450587647657,2.14,3.03,0.6238886123680242
llm_cost_aware_qwen,34.570559934452234,362.0083104108519,2.1,3.05,0.6225593262946204
