Policy,avg_delay,avg_total_cost,avg_migrations,avg_failed_allocations,avg_load_ratio
never_migrate,74.20584574922712,381.4621011140943,0.0,0.0,0.5775174172232995
nearest,28.18420364652876,140.2160570930624,0.8,1.2375,0.5234084984153918
cost_aware,31.71165013999038,158.1749448279239,0.6875,1.0,0.5297720666792358
