Policy,avg_delay,avg_total_cost,avg_migrations,avg_failed_allocations,avg_load_ratio
never_migrate,76.66245739108406,390.1071905859716,0.0,1.0,0.7253305681246858
nearest,34.85368033687128,490.40096841501406,1.0625,3.2,0.6120537644544998
cost_aware,34.81636623409815,477.6918883837547,1.1125,3.0875,0.615718891402715
llm_cost_aware_qwen,34.90254292126645,477.84425788337484,1.1125,3.0875,0.6153772624434389
