Policy,avg_delay,avg_total_cost,avg_migrations,avg_failed_allocations,avg_load_ratio
never_migrate,74.20584574922712,381.4621011140943,0.0,0.0,0.5775174172232995
nearest,28.18420364652876,239.2160570930624,0.8,1.2375,0.5234084984153918
cost_aware,28.20869513030433,236.41713834376557,0.75,1.2,0.5227714146556058
llm_policy,28.213153946484535,237.36659472619502,0.75,1.2125,0.5235484730751275
