Policy,avg_delay,avg_total_cost,avg_migrations,avg_failed_allocations,avg_load_ratio
never_migrate,76.66245739108406,315.02004808293816,0.0,1.0,0.7253305681246858
nearest,34.85368033687128,264.487902434411,1.0625,3.2,0.6120537644544998
cost_aware,34.81636623409815,259.62996274025295,1.1125,3.0875,0.615718891402715
llm_cost_aware_qwen,34.85719648447291,259.7099310029172,1.1125,3.0875,0.6155480769230769
