Policy,avg_qos_score,intent_satisfaction_rate,sla_violation_rate,ar_avg_delay,ar_intent_satisfaction_rate,ar_p95_delay,ar_sla_violated_rate,avg_delay,avg_failed_allocations,avg_load_ratio,avg_migrations,avg_total_cost,background_avg_delay,background_intent_satisfaction_rate,background_p95_delay,background_sla_violated_rate,compute_avg_delay,compute_intent_satisfaction_rate,compute_p95_delay,compute_sla_violated_rate,video_avg_delay,video_intent_satisfaction_rate,video_p95_delay,video_sla_violated_rate
cost_aware,0.4154843726111765,0.43933333333333335,0.5606666666666666,38.22815307643585,0.145,54.37218421981463,0.855,34.57193025896846,3.08,0.6217134741075917,1.02,261.7512494710408,30.321872093495873,0.79,46.80565010185112,0.21,31.815142085229475,0.475,49.3337672313983,0.525,37.0263240179265,0.435,52.95659932921073,0.565
llm_cost_aware_openrouter,0.4148569828281842,0.434,0.566,38.1137083737998,0.145,53.77082682698251,0.855,34.585718452623745,3.06,0.6224692684766214,1.07,251.91090945641946,30.46670611118731,0.7666666666666667,46.80565010185112,0.23333333333333334,31.90774827515162,0.465,49.3337672313983,0.535,37.0215534505584,0.4425,52.90296034891366,0.5575
