Policy,avg_qos_score,intent_satisfaction_rate,sla_violation_rate,ar_avg_delay,ar_intent_satisfaction_rate,ar_p95_delay,ar_sla_violated_rate,avg_delay,avg_failed_allocations,avg_load_ratio,avg_migrations,avg_total_cost,background_avg_delay,background_intent_satisfaction_rate,background_p95_delay,background_sla_violated_rate,compute_avg_delay,compute_intent_satisfaction_rate,compute_p95_delay,compute_sla_violated_rate,video_avg_delay,video_intent_satisfaction_rate,video_p95_delay,video_sla_violated_rate
cost_aware,0.4154843726111765,0.43933333333333335,0.5606666666666666,38.22815307643585,0.145,54.37218421981463,0.855,34.57193025896846,3.08,0.6217134741075917,1.02,261.7512494710408,30.321872093495873,0.79,46.80565010185112,0.21,31.815142085229475,0.475,49.3337672313983,0.525,37.0263240179265,0.435,52.95659932921073,0.565
llm_cost_aware_openrouter,0.4074241604344323,0.31933333333333336,0.6806666666666666,56.47677869103543,0.095,130.4393773724384,0.905,57.27705741264082,3.2,0.5995135620915033,0.42,194.07442247167103,53.04288369955455,0.7766666666666666,108.67411598060143,0.22333333333333333,56.124022596212825,0.3325,116.05359164932143,0.6675,62.98056048425814,0.1875,138.5812285898286,0.8125
